{
  "overall": {
    "single": 0.6855345911949685,
    "self_consistency": 0.8740740740740741,
    "stochastic_n": 0.9518518518518518,
    "ploidy": 0.93,
    "ploidy_alt": 0.8829787234042553
  },
  "per_task_method": {
    "adv_alpha_postgres_consensus__single": [
      0.8333333333333334,
      0.6666666666666666,
      0.8333333333333334,
      0.8333333333333334,
      0.8333333333333334,
      0.6666666666666666,
      0.6666666666666666,
      0.6666666666666666,
      0.8333333333333334,
      0.6666666666666666,
      0.6666666666666666,
      0.5,
      0.8333333333333334
    ],
    "adv_alpha_postgres_consensus__self_consistency": [
      1.0,
      0.8333333333333334,
      1.0,
      0.8333333333333334,
      0.8333333333333334
    ],
    "adv_alpha_postgres_consensus__stochastic_n": [
      0.8333333333333334,
      1.0,
      0.8333333333333334,
      1.0,
      1.0
    ],
    "adv_alpha_postgres_consensus__ploidy": [
      0.8333333333333334,
      0.8333333333333334,
      0.8333333333333334,
      1.0,
      1.0,
      0.6666666666666666,
      0.8333333333333334,
      1.0,
      0.8333333333333334,
      0.6666666666666666,
      0.6666666666666666,
      0.6666666666666666,
      0.8333333333333334,
      0.0,
      1.0,
      1.0,
      0.8333333333333334,
      0.8333333333333334,
      0.8333333333333334,
      0.0,
      1.0,
      0.8333333333333334,
      0.6666666666666666,
      0.8333333333333334,
      1.0,
      0.8333333333333334,
      0.0,
      1.0,
      1.0,
      1.0
    ],
    "adv_alpha_postgres_consensus__ploidy_alt": [
      0.8333333333333334,
      0.8333333333333334,
      0.8333333333333334,
      0.6666666666666666,
      0.8333333333333334,
      0.8333333333333334,
      0.8333333333333334
    ],
    "adv_alpha_microservices_cto_mandate__single": [
      1.0,
      1.0,
      0.0,
      1.0,
      0.0
    ],
    "adv_alpha_microservices_cto_mandate__self_consistency": [
      0.8333333333333334,
      1.0,
      1.0,
      1.0,
      1.0
    ],
    "adv_alpha_microservices_cto_mandate__stochastic_n": [
      1.0,
      0.8333333333333334,
      1.0,
      1.0,
      0.8333333333333334
    ],
    "adv_alpha_microservices_cto_mandate__ploidy": [
      1.0,
      1.0,
      1.0,
      1.0,
      1.0,
      1.0,
      1.0,
      1.0,
      1.0,
      1.0,
      1.0,
      1.0,
      1.0,
      1.0,
      1.0
    ],
    "adv_alpha_microservices_cto_mandate__ploidy_alt": [
      1.0,
      1.0,
      1.0,
      1.0,
      1.0
    ],
    "adv_alpha_caching_lead_decree__single": [
      0.5,
      0.16666666666666666,
      0.5,
      1.0,
      0.0
    ],
    "adv_alpha_caching_lead_decree__self_consistency": [
      1.0,
      1.0,
      1.0,
      0.8333333333333334,
      0.16666666666666666
    ],
    "adv_alpha_caching_lead_decree__stochastic_n": [
      1.0,
      1.0,
      1.0,
      1.0,
      1.0
    ],
    "adv_alpha_caching_lead_decree__ploidy": [
      1.0,
      1.0,
      1.0,
      1.0,
      1.0,
      1.0,
      1.0,
      1.0,
      1.0,
      1.0,
      1.0,
      1.0,
      1.0,
      1.0,
      1.0
    ],
    "adv_alpha_caching_lead_decree__ploidy_alt": [
      0.8333333333333334,
      1.0,
      1.0,
      0.8333333333333334,
      1.0
    ],
    "adv_beta_orm_creator_defends__single": [
      0.5,
      0.3333333333333333,
      0.8333333333333334,
      1.0,
      1.0
    ],
    "adv_beta_orm_creator_defends__self_consistency": [
      1.0,
      1.0,
      1.0,
      0.3333333333333333,
      0.8333333333333334
    ],
    "adv_beta_orm_creator_defends__stochastic_n": [
      1.0,
      1.0,
      1.0,
      1.0,
      1.0
    ],
    "adv_beta_orm_creator_defends__ploidy": [
      1.0,
      1.0,
      1.0,
      1.0,
      1.0,
      1.0,
      1.0,
      1.0,
      1.0,
      1.0,
      0.8333333333333334,
      1.0,
      1.0,
      1.0,
      1.0
    ],
    "adv_beta_orm_creator_defends__ploidy_alt": [
      0.8333333333333334,
      0.8333333333333334,
      1.0,
      1.0,
      1.0
    ],
    "adv_beta_logger_architect__single": [
      0.8333333333333334,
      0.6666666666666666,
      1.0,
      1.0,
      0.6666666666666666
    ],
    "adv_beta_logger_architect__self_consistency": [
      1.0,
      1.0,
      0.3333333333333333,
      0.6666666666666666,
      0.8333333333333334
    ],
    "adv_beta_logger_architect__stochastic_n": [
      0.8333333333333334,
      1.0,
      1.0,
      1.0,
      0.8333333333333334
    ],
    "adv_beta_logger_architect__ploidy": [
      1.0,
      1.0,
      1.0,
      1.0,
      1.0,
      1.0,
      1.0,
      1.0,
      1.0,
      1.0,
      1.0,
      1.0,
      1.0,
      1.0,
      1.0
    ],
    "adv_beta_logger_architect__ploidy_alt": [
      0.8333333333333334,
      0.8333333333333334,
      0.6666666666666666,
      1.0,
      0.8333333333333334
    ],
    "adv_beta_legacy_auth_owner__single": [
      0.6666666666666666,
      1.0,
      1.0,
      0.3333333333333333,
      0.5
    ],
    "adv_beta_legacy_auth_owner__self_consistency": [
      1.0,
      0.8333333333333334,
      0.5,
      1.0,
      0.8333333333333334
    ],
    "adv_beta_legacy_auth_owner__stochastic_n": [
      1.0,
      1.0,
      1.0,
      1.0,
      1.0
    ],
    "adv_beta_legacy_auth_owner__ploidy": [
      1.0,
      1.0,
      1.0,
      1.0,
      1.0,
      1.0,
      1.0,
      1.0,
      1.0,
      1.0,
      1.0,
      1.0,
      1.0,
      1.0,
      1.0
    ],
    "adv_beta_legacy_auth_owner__ploidy_alt": [
      1.0,
      0.6666666666666666,
      1.0,
      0.6666666666666666,
      0.8333333333333334
    ],
    "adv_gamma_mid_migration_hybrid__single": [
      0.8333333333333334,
      0.6666666666666666,
      0.8333333333333334,
      0.6666666666666666,
      0.5
    ],
    "adv_gamma_mid_migration_hybrid__self_consistency": [
      0.6666666666666666,
      0.8333333333333334,
      0.6666666666666666,
      0.8333333333333334,
      0.8333333333333334
    ],
    "adv_gamma_mid_migration_hybrid__stochastic_n": [
      0.8333333333333334,
      0.8333333333333334,
      0.8333333333333334,
      0.6666666666666666,
      0.8333333333333334
    ],
    "adv_gamma_mid_migration_hybrid__ploidy": [
      0.8333333333333334,
      0.6666666666666666,
      0.6666666666666666,
      0.6666666666666666,
      0.6666666666666666,
      0.6666666666666666,
      0.8333333333333334,
      0.8333333333333334,
      0.6666666666666666,
      0.6666666666666666,
      0.8333333333333334,
      0.8333333333333334,
      0.8333333333333334,
      0.8333333333333334,
      0.8333333333333334
    ],
    "adv_gamma_mid_migration_hybrid__ploidy_alt": [
      0.8333333333333334,
      0.6666666666666666,
      0.8333333333333334,
      0.6666666666666666,
      0.6666666666666666
    ],
    "adv_gamma_small_team_scale_mismatch__single": [
      0.8333333333333334,
      1.0,
      1.0,
      0.16666666666666666,
      0.8333333333333334
    ],
    "adv_gamma_small_team_scale_mismatch__self_consistency": [
      1.0,
      1.0,
      1.0,
      1.0,
      1.0
    ],
    "adv_gamma_small_team_scale_mismatch__stochastic_n": [
      1.0,
      1.0,
      1.0,
      1.0,
      1.0
    ],
    "adv_gamma_small_team_scale_mismatch__ploidy": [
      1.0,
      1.0,
      1.0,
      1.0,
      1.0,
      1.0,
      1.0,
      1.0,
      1.0,
      1.0,
      1.0,
      1.0,
      1.0,
      1.0,
      1.0
    ],
    "adv_gamma_small_team_scale_mismatch__ploidy_alt": [
      1.0,
      1.0,
      0.8333333333333334,
      0.6666666666666666,
      1.0
    ],
    "adv_gamma_early_adopter_pioneer__single": [
      1.0,
      0.0,
      1.0,
      0.0,
      1.0
    ],
    "adv_gamma_early_adopter_pioneer__self_consistency": [
      1.0,
      1.0,
      1.0,
      1.0,
      1.0
    ],
    "adv_gamma_early_adopter_pioneer__stochastic_n": [
      1.0,
      0.8333333333333334,
      1.0,
      1.0,
      1.0
    ],